12345678-1234-453b-975f-77e9daa0274b,ab001900@domein.nl
12345678-1234-420d-bba4-9b69e4fd3f7e,ab008693@domein.nl
12345678-1234-4dff-aa0d-178ea1d3674a,ab010076@domein.nl
12345678-1234-441b-a683-4bf2f3f2f563,ab014546@domein.nl
12345678-1234-45d3-bfef-e4511beea793,ab035713@domein.nl
12345678-1234-4416-8840-0b699a3654bb,ab029867@domein.nl
12345678-1234-4158-a7a7-0a43d2176255,ab087356@domein.nl
12345678-1234-4d44-8a14-74f2fa035c6e,ab099581@domein.nl
12345678-1234-4b85-a3ab-d11b947a97ec,ab007895@domein.nl
12345678-1234-44d5-9388-cedd0ebc5ef2,ab091001@domein.nl
12345678-1234-471b-8def-c005d2b21f6e,ab005570@domein.nl
12345678-1234-4e03-8654-805e649dfdd4,ab098900@domein.nl
12345678-1234-49bb-af9b-15089db965a6,ab034713@domein.nl
12345678-1234-423d-a2c6-4fada09232ae,ab022409@domein.nl
12345678-1234-4f60-89ae-fd9176f630d5,ab025687@domein.nl
12345678-1234-4d28-939f-e1d45956ff82,ab092927@domein.nl
12345678-1234-49b9-91d1-ef82de75198d,ab070772@domein.nl
12345678-1234-4667-87af-b936cd0148a7,ab068128@domein.nl
12345678-1234-4a9d-87ee-8caaafa07a1c,ab001784@domein.nl
12345678-1234-4414-96d6-bf1a872d16a8,ab029503@domein.nl
12345678-1234-4029-b0d6-20ebbbf97ff4,ab058986@domein.nl
12345678-1234-4d30-a42c-e20693758a51,ab060379@domein.nl
12345678-1234-4487-b7b7-e036546111d4,ab022649@domein.nl
12345678-1234-41a1-b76c-406ee7e74375,ab046409@domein.nl
12345678-1234-4fdd-a567-589ee70ec3e5,ab005093@domein.nl
12345678-1234-4459-b920-166c734816a3,ab090903@domein.nl
12345678-1234-45bf-b024-fbf3c8c9c430,ab075880@domein.nl
12345678-1234-4b6f-bfd7-8185fbd4f25d,ab094886@domein.nl
12345678-1234-4442-8d3c-18b98abdca3a,ab079282@domein.nl
12345678-1234-4be6-8a63-bdeb44dc1ab8,ab017902@domein.nl
12345678-1234-478f-aa62-41dc56916e70,ab024542@domein.nl
12345678-1234-4f5f-a9a6-172ae6093838,ab031030@domein.nl
12345678-1234-4873-ba05-0768db3ff0c9,ab081954@domein.nl
12345678-1234-4e65-aa24-4ed31af98f71,ab098667@domein.nl
12345678-1234-4f39-a016-d01b40bfd2b7,ab053384@domein.nl
12345678-1234-44bf-b119-ba7fb85f1de6,ab001426@domein.nl
12345678-1234-4b84-b8c8-59d804a3ecbc,ab026872@domein.nl
12345678-1234-4c11-9f87-43e21e879d9a,ab043400@domein.nl
12345678-1234-4e84-b8f7-585febee4f4e,ab081292@domein.nl
12345678-1234-482a-b53e-6b85c850c2c7,ab044308@domein.nl
12345678-1234-486e-a1c4-d4deb308970b,ab041715@domein.nl
12345678-1234-4435-860d-d6ced0836515,ab098866@domein.nl
12345678-1234-4645-870f-d06b9b0dcfb1,ab056418@domein.nl
12345678-1234-4b25-a2f6-b6b7918e0de9,ab076472@domein.nl
12345678-1234-4292-bf04-aab07fc99875,ab091749@domein.nl
12345678-1234-4e1f-b40e-b3201cd28f6e,ab043690@domein.nl
12345678-1234-4e49-898f-882b4d1b4b50,ab084415@domein.nl
12345678-1234-4f7e-bea9-2a2633794f62,ab028549@domein.nl
12345678-1234-4235-be52-96b6c63307f2,ab002151@domein.nl
12345678-1234-48bf-9014-063b1592d477,ab010560@domein.nl
12345678-1234-47c9-b315-6ae07a5c8543,ab096563@domein.nl
12345678-1234-45ab-8749-0735d5a30601,ab010733@domein.nl
12345678-1234-4a1a-a8a4-c12ad145a869,ab014604@domein.nl
12345678-1234-43ff-a178-224d11387880,ab021850@domein.nl
12345678-1234-4307-b29f-70aa600328f8,ab011830@domein.nl
12345678-1234-44b3-ab85-b23485f68a09,ab004379@domein.nl
12345678-1234-48af-a3de-f376b242f645,ab016162@domein.nl
12345678-1234-4de7-aae8-ea0ede5979b9,ab059951@domein.nl
12345678-1234-4d9f-b0fa-589ebfc578da,ab027239@domein.nl
12345678-1234-48f0-85a1-3643db42d4a5,ab075830@domein.nl
12345678-1234-4b2f-996a-8e5046e64920,ab030435@domein.nl
12345678-1234-4f52-b5da-f4ab74d1fe40,ab046297@domein.nl
12345678-1234-40d4-b5fb-fe046644208a,ab076104@domein.nl
12345678-1234-4ed1-87b1-034f57edfba0,ab090604@domein.nl
12345678-1234-4a1b-904f-f55dc9960b57,ab012593@domein.nl
12345678-1234-477b-8b30-2773c6a19133,ab028489@domein.nl
12345678-1234-436a-a048-3121dda3fe98,ab076044@domein.nl
12345678-1234-4153-9e6b-8ff374474867,ab070605@domein.nl
12345678-1234-4aea-850e-1b9c3fb6a39f,ab025290@domein.nl
12345678-1234-493a-8e5d-4199283ba83f,ab067692@domein.nl
12345678-1234-40f4-af4a-538b4307379b,ab096911@domein.nl
12345678-1234-42d0-9231-05f89033336a,ab036222@domein.nl
12345678-1234-4e7a-a893-8da817e359d7,ab003144@domein.nl
12345678-1234-43bf-bffa-178c843294e8,ab090001@domein.nl
12345678-1234-4640-a6ea-0a64830bd3c2,ab000058@domein.nl
12345678-1234-4e34-b63b-00f3e83f2658,ab052095@domein.nl
12345678-1234-40b9-887d-40b1d387821d,ab089940@domein.nl
12345678-1234-4f8b-80e9-07637b95b1a9,ab075911@domein.nl
12345678-1234-460d-be0a-f71589a57688,ab067673@domein.nl
12345678-1234-4d91-947f-fd9c1714e6d5,ab049852@domein.nl
12345678-1234-4d19-9ab2-47cb2f670162,ab009508@domein.nl
12345678-1234-4ae8-81c3-d1b5fa2e166c,ab053516@domein.nl
12345678-1234-43f6-9356-a13d5438fe43,ab094249@domein.nl
12345678-1234-4413-a52f-bad7ab2b34f2,ab052816@domein.nl
12345678-1234-46a2-90bb-9d316f5982d4,ab010529@domein.nl
12345678-1234-4372-9063-aff5501aba81,ab017342@domein.nl
12345678-1234-4f48-907b-c08298314cdb,ab093571@domein.nl
12345678-1234-43ea-a795-3b7f145e097a,ab002911@domein.nl
12345678-1234-4824-889f-fa0742c97095,ab091246@domein.nl
12345678-1234-4699-a4d3-b4786a1cef86,ab067511@domein.nl
12345678-1234-43b3-8b23-8d3326726362,ab011972@domein.nl
12345678-1234-419a-a6b2-6276b1d909c2,ab011425@domein.nl
12345678-1234-4d9a-aab1-e8d8b0f360bb,ab008618@domein.nl
12345678-1234-4eab-a0d4-80bcfea41556,ab022769@domein.nl
12345678-1234-45f6-9f03-c075eaddc9a2,ab011343@domein.nl
12345678-1234-4810-ba98-fe1400cb7aad,ab057613@domein.nl
12345678-1234-47c8-a765-9ecfbca364d6,ab070871@domein.nl
12345678-1234-4e99-bfac-c4a1d226e6d8,ab034043@domein.nl
12345678-1234-425b-b98f-fe8be76b8352,ab075094@domein.nl
12345678-1234-40d4-b062-abaf462eb4b8,ab087278@domein.nl